dni,nombre,apellido1,apellido2,telefono,municipio,email
14865218G,Marsden,Hebert,Shaw,674950871,4131,m.hebert@gmail.com
69019369H,Shannon,Moody,Shaffer,652994403,2417,s.moody@gmail.com
94552181H,Ursa,Callahan,Dawson,654570140,646,u.callahan@yahoo.com
23101310T,Sigourney,Thornton,Moreno,661039641,1525,s.thornton@hotmail.com
69137870T,Kirsten,Noel,Tate,650374562,5777,k.noel@gmail.com
12560505B,Ulric,Forbes,Pacheco,616725641,70,u.forbes@yahoo.com
62457166D,Blythe,Waters,Kirby,653138731,2666,b.waters@gmail.com
30240779T,Minerva,Sanchez,Shepherd,601306387,316,m.sanchez@hotmail.com
76208506T,Regan,Spears,Nelson,690985737,2677,r.spears@gmail.com
86298193D,Bruno,Acosta,Sherman,684089370,4692,b.acosta@gmail.com
49845159L,Emery,Cohen,Weaver,686978138,2091,e.cohen@hotmail.com
87776856X,Bevis,Hendrix,Lamb,616560509,831,b.hendrix@gmail.com
40762697B,Lance,Huff,Fernandez,626637609,858,l.huff@hotmail.com
60266329X,Pamela,Mejia,Baldwin,656136235,7092,p.mejia@yahoo.com
33612118H,Tad,Callahan,Benson,679353738,867,t.callahan@yahoo.com
81099469T,Hector,Ratliff,Wolfe,699970551,5463,h.ratliff@gmail.com
34013041X,Price,Stark,Lang,690961408,7902,p.stark@hotmail.com
15662466B,Charlotte,Wilder,Moss,623259273,1564,c.wilder@gmail.com
36153112G,Piper,Aguilar,Ewing,672723567,1618,p.aguilar@yahoo.com
19764907X,Lucy,Gamble,Carter,619613384,7412,l.gamble@yahoo.com
42296615B,Lucius,Daugherty,Lambert,621842509,1578,l.daugherty@gmail.com
98453753F,Danielle,Simpson,Branch,649279579,6144,d.simpson@yahoo.com
98821178F,Ursula,Castro,Roach,662383138,3531,u.castro@hotmail.com
10648702G,Keaton,Carey,Santana,614494376,4863,k.carey@gmail.com
47770609C,Zephr,Ferrell,Sweeney,650847783,5664,z.ferrell@yahoo.com
52548917G,Kelsey,Mcguire,Kelley,675295655,1661,k.mcguire@hotmail.com
21186310B,Lois,Leblanc,Nieves,645443512,6537,l.leblanc@hotmail.com
80983820H,Denton,Rivers,Dennis,698081561,6988,d.rivers@yahoo.com
85005671D,Gregory,Spears,Hughes,693989307,6928,g.spears@hotmail.com
70790547X,Nola,Tran,Beard,600198214,4121,n.tran@hotmail.com
70854956B,Signe,Olson,Kaufman,603001511,2757,s.olson@yahoo.com
88436886D,Emery,Dickerson,Duran,676260068,6590,e.dickerson@yahoo.com
44048661D,Lewis,Wooten,Ford,630741867,1137,l.wooten@yahoo.com
35970222C,Beck,Russo,Newman,690235041,1458,b.russo@hotmail.com
22885498L,Blaze,Coleman,Guerra,650681852,3857,b.coleman@gmail.com
50868378C,Dante,Schroeder,Wyatt,656652694,1655,d.schroeder@hotmail.com
45727454H,Bo,Stokes,Salas,662157717,4247,b.stokes@gmail.com
64639144B,Ira,Dillon,Mccray,630831233,212,i.dillon@yahoo.com
12463957X,Aquila,Baldwin,Moran,608292526,2831,a.baldwin@yahoo.com
34931081X,Charles,Schultz,Heath,661887047,604,c.schultz@gmail.com
11868211X,Hop,Farrell,Nguyen,610456453,7724,h.farrell@yahoo.com
62006528C,Colton,Kirby,Sampson,669333250,6572,c.kirby@yahoo.com
71765613T,Summer,Olsen,Cross,675811100,3406,s.olsen@gmail.com
85919689B,Chadwick,Alexander,Maynard,677649304,5229,c.alexander@yahoo.com
21136457C,Vincent,Riddle,Gay,647007256,2163,v.riddle@hotmail.com
47920528B,Scarlett,Dyer,Mccray,696737906,6975,s.dyer@gmail.com
31503709H,Leo,Dale,Whitfield,677070218,5264,l.dale@gmail.com
88902018T,Selma,Black,Dillard,614828970,3066,s.black@gmail.com
79194481F,Nadine,Maddox,Briggs,694929208,7102,n.maddox@yahoo.com
17063209F,Claudia,Cobb,Morales,672904788,4129,c.cobb@gmail.com
85514932T,Lester,Porter,Yates,632072501,649,l.porter@yahoo.com
39743358D,Molly,Bernard,Mcmahon,653508063,742,m.bernard@gmail.com
25472174F,Abigail,Park,Ray,658475580,1211,a.park@yahoo.com
54052992X,Patience,Steele,Gallagher,603316411,5706,p.steele@yahoo.com
39201597C,Peter,Keller,Rosales,643643784,4499,p.keller@gmail.com
48843326L,Fitzgerald,Mcgowan,Marks,648257848,5915,f.mcgowan@yahoo.com
71780076G,Ross,Gray,Tyler,620111406,5292,r.gray@gmail.com
47210746L,Ashton,Glass,Pope,630759598,1436,a.glass@hotmail.com
21241074B,Violet,Villarreal,Bruce,682920688,3707,v.villarreal@yahoo.com
88152308G,Debra,Thomas,Snyder,616755366,549,d.thomas@gmail.com
92098172B,Amir,Huffman,Merrill,675742726,1605,a.huffman@yahoo.com
11239566G,Jack,Guerrero,Carey,670455692,6256,j.guerrero@gmail.com
64802718D,Bernard,Yates,Schultz,655206107,3917,b.yates@gmail.com
64701277H,Alexis,Walls,Mendoza,691517642,362,a.walls@gmail.com
70487232F,Dawn,Conrad,Hodge,608936433,2706,d.conrad@yahoo.com
53358515F,Hanae,Porter,Neal,629999197,3904,h.porter@hotmail.com
96718099D,Quinn,Mcguire,Parrish,657755059,2807,q.mcguire@yahoo.com
75100329X,Ethan,Petersen,Mitchell,694795701,4501,e.petersen@hotmail.com
64955205H,Dai,Cote,Fisher,617464150,2374,d.cote@gmail.com
79156946L,Inez,Spencer,Tucker,647773763,1005,i.spencer@yahoo.com
78131788G,Cairo,Crawford,Strickland,687066526,6543,c.crawford@yahoo.com
84143682H,Marny,Collins,Kaufman,636300674,6328,m.collins@hotmail.com
51703899C,Demetrius,Bridges,Hernandez,644506574,1100,d.bridges@gmail.com
59259259F,Nash,Merrill,Banks,688234421,2733,n.merrill@gmail.com
78220181F,Hannah,Rush,Watson,653535291,3343,h.rush@yahoo.com
41362158F,Austin,Bright,Campos,612035548,1394,a.bright@yahoo.com
38903552B,Heidi,Richard,Langley,601731540,7377,h.richard@gmail.com
57271335D,Chadwick,Carroll,Henderson,663954757,6312,c.carroll@hotmail.com
82544992C,Katell,Wells,Sloan,625608009,7703,k.wells@yahoo.com
54889217B,Leah,Barton,Howe,614932721,3319,l.barton@gmail.com
